Years & Months,Day 1,Day 2,Day 3,Day 4,Day 5,Day 6,Day 7,Day 8,Day 9,Day 10,Day 11,Day 12,Day 13,Day 14,Day 15,Day 16,Day 17,Day 18,Day 19,Day 20,Day 21,Day 22,Day 23,Day 24,Day 25,Day 26,Day 27,Day 28,Day 29,Day 30,Day 31,,,,,,
1991-06,65,9.9,4.7,29.1,57.1,40.5,0,6.6,5.2,0,3.2,0,40.2,0,18.4,10.1,6.5,11.6,0,0,0,24.7,27.2,19.3,21.6,4.7,12,0,5.5,0.6,,,,,,,
1991-07,0.6,0,0,0,0,0,0,0.7,20.4,11.2,5.4,7.9,5.9,0,0,0,5.7,4.1,10.1,3.7,1.4,0.4,0,0,0,0,4.3,10.6,2.8,17.1,22.8,,,,,,
1991-08,0,0.1,0.4,1.1,0,0,0,0,0,0.1,0,0,1.6,27.5,30,12.8,1.2,5.6,0,2,0,1.6,0.2,1.8,16,2.8,4.9,44.9,13.5,6.5,5.2,,,,,,
1991-09,0,0.1,4.4,0,0,0,0.2,0,0,0,0,0,0.8,0,0,0,0.1,13,0,0.1,0,0,0,0,0,0,0.1,0,0,0,,,,,,,
1991-10,0,9.9,5.1,1.6,0,0,0,0,0,0,0.1,5,1.5,2.2,0,0,0,0,59.9,27.8,8.2,0.2,27.6,13.8,22,1.5,7.1,1.6,12.8,30,0,,,,,,
1991-11,1.5,0,0,0,1.9,0,25.1,0,16.3,4.2,4,27.1,0,0,0,7.7,0,0,0,0,0,72.1,34.2,0,12.5,0,0,0,0.6,3.7,,,,,,,
1991-12,0,0,0,0,0,0,0,0,0,0,0,0,0,0,0,0.8,23.5,19.9,0,0,0.2,0,0,0,0.1,0,0,0,0,0,0,,,,,,
1992-01,0,0,0,0,0,0,0,0,0,0,0,0,0,0,0,0,0,0,0,0,0,0,0,0,0,0,0,0,0,0,0,,,,,,
1992-02,0,0,0,0,0,0,0,0,0,0,0,0,0.9,1.5,0,0,0,0,0,0,0,0.5,0,0,0,0,0,0,0,,,,,,,,
1992-03,0,0,0,0,0,0,0,0,0,0,0,0,0,0,0,0,0,0,0,0,0,0,0,0,0,0,0,0,0,0,0,,,,,,
1992-04,0,0,0,0,0,0,0,0,0,0,0,0,0,0,0,0,0,0,0,7.4,8,0,0,10.3,21,9.9,14.4,0,0,0,,,,,,,
1992-05,0,0,0,0,1.1,44.4,22.5,0,0.1,0,0,0,9.6,0,0,18.7,34.7,8.1,0,7.8,0,0,0,0,0,0,0,0.9,0,20.1,13.5,,,,,,
1992-06,3.2,33.9,12.8,0.5,6.7,32.1,12.5,0,60.9,3.6,21,26.9,24.1,1.1,4,0,2.8,0,0,1.4,3,1.3,5.7,0,0,0,0,0,1.9,9,,,,,,,
1992-07,0.6,26,2.4,65,29.6,0.4,22.2,2.2,0.4,32.4,44,4,16.9,14.7,46,3.1,7.7,48.1,14.3,1.1,0.1,1.4,4,0.3,33.9,20.7,8.7,9.8,7.2,3.9,25.9,,,,,,
1992-08,23.6,41.6,26.2,18.1,2.6,56.8,61.1,19.3,14.2,0,0,2,0,0.5,0,2.1,0,0,0,0.2,0,0.6,23.1,2.2,0,0,0,0,2.3,0,8.9,,,,,,
1992-09,17.6,2.5,0.2,0.3,0,0,0,0,0,0.4,0,2.8,0,0,0,0,0.7,0,0,0,0,0,0,5.9,2.3,6.7,0,0,4.2,28.2,,,,,,,
1992-10,25.3,37.4,0.4,0.3,0.8,3.5,1.7,0,1.9,0.1,5.6,28.3,1.6,0,0,0.4,0,0,0,0,0,0,0,0,0,0,0,0,0,0,0,,,,,,
1992-11,0,0,0,0,0.4,3.3,36,2.4,2.4,0,0,2.3,13.6,0,0.3,0,0,0,9.6,0,0,0,0.1,3,0,0,0.3,0,2.3,0.9,,,,,,,
1992-12,41.3,47.2,8.2,6.2,0,0,0,0,0,0,0,0,0,0,11.7,0.5,12.6,1.9,1.3,0,0,0,0,0,0,0,0,0,0,0,0,,,,,,
1993-01,0,0,0,0,0,0,0,0,0,0,14.8,0,0,0,0,0,0,0,0,0,0,0,3.6,0,0,1.1,0,0,0,0,0,,,,,,
1993-02,0,0,0,0,0,0,0,0,0,0,0,0,0,0,0,0,0,0,0,0,0,0,0,0,0,0,0,0,,,,,,,,,
1993-03,0.4,0,0.5,0,0,9.6,0,0,0,0,0,0,0,0,0,0,0,0,0,0,0.4,3.8,0,0,0,0,0,0,0,0,0,,,,,,
1993-04,0,0,0,0,0,0,0,0,0,2.2,0,0,0,0,0,0,0,0,0,0,0,0,0,0,4.4,24.3,0.1,49.6,0,0,,,,,,,
1993-05,0,0,0,0,0.2,2.5,0,0,0,0,0,0,11.2,0,0,45.8,5.4,11.4,0,5,4,16.2,0,4.7,39.2,68,14.2,23.5,4.9,1.6,9.4,,,,,,
1993-06,5.8,5.4,30.9,11.6,62.5,0.8,4.2,7.1,5.2,0,0,0,1.2,0,0,0,1.3,0,4.8,0.1,5.2,0.5,0.4,16.5,41.9,53.8,15,13.7,50.6,5.2,,,,,,,
1993-07,32,45.7,6.6,0.1,0,0,0,7.6,0,0,8.9,3.2,1.8,19.7,18.4,0.8,34.4,12.8,70.8,6.8,21.1,1.7,45.6,14,6.6,0.6,5.4,0,0,0,0,,,,,,
1993-08,0,2.2,0.3,2.1,52.6,6,0.1,0,0,0,0,43.2,6.8,0,0,1.8,0,0,0,0,0,0,0,0,0,13,39.1,32.5,25.5,32.2,5.9,,,,,,
1993-09,0.2,0,16.9,0,1.2,0.1,0,0,2,0,2.7,3.1,1.6,3.8,0,0,11,0,6,6.2,0,0,0,0,1.4,0.8,5.7,52.7,17.4,0,,,,,,,
1993-10,0,1.9,9.8,0,0,0,1.7,1.6,0,0.2,0,0,0,2.6,0.5,0,59.8,0,2.6,0.3,4,4.4,0,0,0,0,0,0,0,0,8.8,,,,,,
1993-11,13.4,2,34.2,86.7,49.4,135.6,101.8,5.5,13.3,13.2,9.2,0,0,0,0,0,0,9,63,0.3,0,0,1.2,0.4,7.3,30,0,0,0,0,,,,,,,
1993-12,0.2,0,0.3,0,0,0,0,0,4.6,0,0,0,0,0,0,0,9,7.1,0,0,0,1.1,0,0,56.4,0.4,0,0.3,0,1,0,,,,,,
1994-01,0,0,0.2,0,0,0,7.6,0,0,0,0,0,0,0,0,0,0,0,0,0.2,0,0,0,0,0,0,0,0,0,0,0,,,,,,
1994-02,0,0,0,0,0,0,0,0,22.4,0,0,0,0,0,0,0,0.1,0,30.4,0,0,0,0,0,0,0,0,0,,,,,,,,,
1994-03,0,0,0,0,0,0,0,0,0,0,0,0,0,0,0,0.1,18.4,32.6,0,0,0,0,0,0,0,0,0,0,0.4,0,0,,,,,,
1994-04,0,0,0,0,1,28.3,0.2,1.4,34.4,0.3,0,0,0,0,26,0.4,0,0,0.8,0,0,0,0,0,0,0,0,0,0,0,,,,,,,
1994-05,0,0,0,0,0,0,0,0,0,0,0,0.2,0,0,0,2,0,5,0,21.4,39,7,0.6,6,11.4,1.4,85.2,90.7,7,11.7,26,,,,,,
1994-06,4.1,0,10.2,9.1,31.2,45,4.7,0,7.8,0,0,6.8,1.4,3.2,3.6,9.3,5.6,10.7,0.8,0,0,0,0,11.4,0.8,3.9,0,7.1,0,0,,,,,,,
1994-07,0,5.4,5.7,12,3.7,0,0,0,19.4,0,0,3.9,0,0,54,56.8,0.6,0,0,12.9,0,7.6,4.9,0,0,0.3,20.3,52.7,18.2,7.6,53.1,,,,,,
1994-08,79.2,5,7.4,2.1,24.1,4.4,0.2,0,0,0,0,0,0,0,0,0.5,0,1.4,0,5.9,1.6,47.5,8.8,0.2,0,0,4.2,0,0,0,4.8,,,,,,
1994-09,1.1,6.7,0,1.2,34.1,7.9,1.6,10.6,0,0,0,0.2,0,0.1,4.2,0,0,0,0,0,0,0,0,0,0,0,0,0,0,0,,,,,,,
1994-10,4.6,44.6,5.9,37.2,4.6,19.9,0,2.1,0,0,0,0.1,0.1,9.1,0,12.1,51.2,4.4,12.6,0,24.2,0,7.2,17,7,5.4,10.3,3.4,16.1,74.2,0.1,,,,,,
1994-11,39.2,89.3,3,0.1,4.1,3.9,23.7,50.2,8.2,21.3,41.9,1.6,58.2,0.1,15.9,0,2.8,4.6,0,0,0,4.6,0,0,0,0,0,0,0,0,,,,,,,
1994-12,8.4,22.9,0,0,0,0,0,0,0,0,0,0.2,2.8,0,0,0.2,0,17.6,0,0,0,0,0,0,0,0,0.5,0,0,0,0,,,,,,
1995-01,0,0,64.8,0,0,0,0,0,0,0,0,0.1,0.2,0,4.3,0,0,0,0,0,0,2.4,0,0,0,0,0.4,0,0,0,0,,,,,,
1995-02,9.4,8.6,0,7.3,0,0,0,0,0,0,0,0,0,0,0,5.8,0.4,0,0.6,2.8,0,0,0,0,0,0,0,0,,,,,,,,,
1995-03,0,0,0,0,0,0,0,0,0,0,0,0,0,0,0,1.6,0.7,0,0,0,0.1,0,0,0,0,0,0,0,0,0,0,,,,,,
1995-04,0,0,0,1.5,29.2,0.2,23,0,0,0,0,0,0,0,0,0,0,0,0,15.4,0,0.1,0.1,7.6,0,35.7,1.2,46.8,0.1,8.2,,,,,,,
1995-05,0,0,0,0,2.6,10.1,0,0,0,0,0,0,2.2,2.1,16.8,0,0,0.1,4.4,14.6,26,0,0,2.4,0,0,0,28.9,1.8,0,0,,,,,,
1995-06,0,0,2.1,0,0.1,12.4,2.4,20.1,15.5,8,16.4,2.4,5.9,0.6,0.1,2.1,18.6,25.7,0,0,11.4,0,7.9,1.4,72.1,0,3.7,7,5.8,0,,,,,,,
1995-07,1,0,0,1.4,7.8,13.6,0,1.6,0,4.3,19.5,0,0,0,11.1,1.4,5.4,0,11,2.2,0,1.2,1.1,36.4,0.2,4.6,1.3,68.4,3.5,68.1,1.2,,,,,,
1995-08,0,0,4.7,0,1.4,7.8,2.1,0,0,0,8.4,0,2.4,0,0,0.7,1.8,6.4,0,2.1,44.5,45.4,0.8,2.1,7.9,12.5,12.8,21.1,15.3,6.8,0.3,,,,,,
1995-09,0.1,6.6,8.4,6.8,0,0,0,16.7,0,0.1,0,0,0,0,1.6,0,1,31.2,0.2,0,3.4,0,0,0,0,0,46.2,0.1,1.3,0.6,,,,,,,
1995-10,1.1,20.4,2.1,5.4,1.5,6.7,23.9,11.8,5.4,0.8,0.9,3.5,0.1,0,0,0,0,0,0,5.7,8.4,0,14.1,11.4,6.9,2.8,0,1.1,0,0,23.6,,,,,,
1995-11,48.4,14.5,8.5,0,0,0,0,0,0,0,0,0,0,82.5,2.1,0,0,0,0,0,0,0,0.8,0,0,0,0,0,0,0,,,,,,,
1995-12,0,0.1,0,0,0,0,1.7,0,0,0,0,0,0,0,0,0,0.2,0,0,0,0,0,0,0,36.6,0,0,0,0,0,0,,,,,,
1996-01,0,0,0,0,0,0,0,0,0,0,0,0,0,14.5,0.8,0,7.6,0,0,31.4,0,0,0,1.2,0,0,0,0,0,0,0,,,,,,
1996-02,0,0,0,0,3.1,8,0,0,0,0,0,0,0,0,0,0,0,0,0,5.4,0.2,0,0,0,0,0,0,0,0,,,,,,,,
1996-03,0,0,0,0,0,0,0,0,0,0,0,0,0,0,0,0,0,0,0,0,0,0,0,0,0,0,0,0,0,0,0,,,,,,
1996-04,0,0,0,0,0.7,3,0,0.2,0,0,0.2,0,0.7,2.2,0,0,0,0,2.1,16.1,0,1.8,0,0,0,0,0,0,0,0,,,,,,,
1996-05,5.1,35.2,0,0,0,0,0,0,0,0,0,0,0,0,3.7,0,0,0,0,0.2,0.1,0,0,2.3,3.4,4.4,8.4,48.3,0.4,7.2,0.4,,,,,,
1996-06,14.5,8.4,5,81.4,3.4,0,1.9,14.4,18.9,10,0,0,2,0,0,11.6,0,0,45.4,23.9,37.6,17.5,4,0,0,0,0,0,0,0,,,,,,,
1996-07,0,0,0,0.1,0,10.1,57.4,3.7,5.4,10.2,14.8,6.9,4.3,2.4,8.4,0,8.9,33.1,12.1,19.2,7.8,30.8,13,0.2,12,2.3,0,13.9,0,0,0,,,,,,
1996-08,0,0,23.8,25.3,84.7,0,0,0,3.4,0.1,0,3.2,0,4.5,0,0.1,0,0,2.8,0,1.6,0,4,4.8,4,1.9,0,0,0,0,0,,,,,,
1996-09,0,0,1.8,3.4,2,0,2.4,1.3,0,0.4,1.7,1.2,3.8,8.1,0.4,0,0,1.8,11.4,117,17.8,0.6,0,0.4,2.4,25.6,17.5,1.6,1.6,0,,,,,,,
1996-10,3.1,0,31.5,15.2,0,0,0,0,1,45.6,1.6,0,2.1,15,0.8,0.6,36.6,14.1,9.9,16.5,0,0,0.8,1.9,0,0,0,0,0,0,0,,,,,,
1996-11,0.2,0,0,0,0,0,0,0,0,0,0,0,0,0,0,0.9,0,0.2,10.6,0.2,0,0,0,0.8,12,0,0,8.2,0.2,0.2,,,,,,,
1996-12,0,0,0,0,0,0,0,0,0,1.2,7.4,6.8,0,0.4,7.6,0,0,0,0,0,0,0,0,0,0,0,0,0.1,4.2,0.2,0,,,,,,
1997-01,0,1.2,0,0,0,0,0,0,0,0,0,0.6,0,0.1,0,0,0,0,0,0,0,0,0,0,6.2,0,22.8,0,0,0,0,,,,,,
1997-02,0,0,0,0,0.1,0,0,0,0,0,0,0,1,0,0,0,0,0,0,0.7,0,0,0,0,0,0,0,0,,,,,,,,,
1997-03,0,0,0.1,17.5,0,0,0,0,0,0,0,0,0,0,0,0,0,0,0,0,0.1,0,0,0,0,0,0,5.9,0.9,4.8,0,,,,,,
1997-04,0,0,0,4.2,10.1,3.6,17.6,0,0,0,0,0,0,0,0,0,0,0,0,1.3,0,0,0,0,0.1,0,17.4,0,0,4.8,,,,,,,
1997-05,0,0,0,0,1.8,0,0,0.1,0,0,0,0,58.5,0,1.7,4.5,46.8,1.2,0,0,0,0.2,0,0,0,0.2,2.5,0,0,0.1,0,,,,,,
1997-06,10,0,0.1,6.4,0,0,0,1.8,0,0,0,35,1.3,5.7,1.2,0,0,0,0,0,0,0,0,24,10,27.3,1.8,13.8,3.9,0,,,,,,,
1997-07,6.8,5.8,7.3,7.6,1.2,0,0,0,15.3,2.5,0.5,0,1.9,23.3,10.5,2.1,27.3,1.6,42.9,55.4,23.6,51,12.2,51.8,7.2,2.1,0,0,0,0,3.4,,,,,,
1997-08,1.2,1.4,0,0,0,5.8,0.8,28.8,13.2,19.7,2.5,39.2,14,0,0,0,0,1.4,0.8,27.7,48.6,13.8,4.3,0,0.2,1.2,0.2,6.2,63.4,0.2,4.1,,,,,,
1997-09,0,0,1.3,0,0.7,0.4,1.7,0,0.1,18.6,89.1,0,0.1,2.1,4.2,3.8,0.5,0.1,4.4,41.6,6.6,52.4,43.6,6,0,10.8,0,0,0,0,,,,,,,
1997-10,0,0,0,0,10.1,10.2,0,0,7.6,0,1.8,17.8,0,1.8,3.8,7.6,1,6,8.5,0.1,0,0.3,15.2,0,0,15.2,0,0,0,0.1,0,,,,,,
1997-11,4.2,0.4,6.3,37.5,0,0,0.2,0.1,4.5,0.1,2.1,7.4,0,10.4,6,12.2,9.6,0,0,0,0,0,65.6,56.6,0,0.1,0,17.3,2.2,0.2,,,,,,,
1997-12,31.1,0,2.5,8.2,0,54.2,0,0,0.8,0,2.1,23.3,1.8,3.4,10.8,0,26,0,0,1.3,0.6,0,10.1,0,0,0.8,0,0,0.1,1.8,0,,,,,,
1998-01,18.1,47.3,0,16,0,0,0,0.1,1.4,0,0,0,0,0.1,0,0,0.1,0,0,0,0,0.1,6.1,0,0,0,1.6,0,0,0,0,,,,,,
1998-02,0,0.1,0,0,0,0,0,0,8.2,0,0,0,0.2,0,0,0,0,0,0,0,0,0,0,0,10.9,0,0,0,,,,,,,,,
1998-03,0,0,0,0,0.1,14.2,0,0,0,0,0,0,0,0,0,8.2,0,0,0,0,0,0,0,0,0,0,0,0,0,0,0,,,,,,
1998-04,0,19.8,0.2,0,3.6,0.1,26.8,0,0,0,0,0,0.2,5.2,1.9,0,0,0,0,0,0,0,0,0,1.3,0,0,0,0,0,,,,,,,
1998-05,0,0.1,0,0,0,0,0,0,0,25.8,95.7,2.1,93.4,74.7,0.1,6.8,21.3,0,0,0,0,0,0,0.1,3.8,4.4,69.8,3.6,100.6,11.3,27.4,,,,,,
1998-06,6.2,5.5,4.2,23.6,10.7,0.6,4.2,0.4,0,0,2.2,0,1.5,8,4.6,8.4,1.2,0,0.8,0.4,12.5,2,9.2,13.3,15.2,35.7,60.5,1.3,0,2.4,,,,,,,
1998-07,5.2,5.7,0.1,0,0,0,0.5,0.1,1.6,0,0,0.4,50.4,0,0.1,0.4,11.2,12,7.3,1.1,0.9,11.2,33.2,21.7,13.4,3.2,15.8,0.6,0,0,1.3,,,,,,
1998-08,0.7,1.7,25.6,0,0,0,0.2,1.2,0,0.1,0,16.8,0,0,0,0,0.4,0.1,4,3.5,3.5,37.9,20.7,2.8,0,0,0,0,0,0,0,,,,,,
1998-09,0,0.2,0.3,42.4,11.1,1.5,19.9,22.4,0.1,0,0.8,1.2,0.4,0,0.4,7.1,20.5,14.8,17.1,1.2,7.8,2.6,0.3,3.2,0,0,11,0,3.2,2.1,,,,,,,
1998-10,0,0,0,3.2,0,0,2.4,3.2,13,24.3,10.8,2.2,11.3,0.2,0,0,0,0,0,0,0,0,0,0,0,0,0,0,44.8,45.3,0,,,,,,
1998-11,0,6.6,0,0,0.1,0,0,0.1,42.6,0,0,19.4,0.2,0,2.4,12.4,2.8,0,0.2,0,0,0,0,0,0,0,0,0,0,0,,,,,,,
1998-12,0,0.1,33.5,0,0,1.2,21.7,12.9,7.4,12.8,22.7,42.1,83.3,16.2,17.7,0.1,14.9,0,0,0,0.1,0.6,0,0,0,0,0,14.2,59.1,2.9,4.8,,,,,,
1999-01,24,3.2,0,0,0,0,0.3,0,0,0,8.2,0,0,0,0,0,0,0,0,0,0,0,0,0,0,0,0,0,0,0,0,,,,,,
1999-02,0,0,0,0,0,0,0,1.2,0,0,0,0,0,0,0,0,0,0,6.4,2.6,2.8,13.5,12.4,0,0,0,0,1.2,,,,,,,,,
1999-03,2.4,0,0,0,0,0,0,0,0,0,0,0,0,0,0,0,0,0,0,0,0,0,0,0,0,0,0,0,0,0,0,,,,,,
1999-04,0,0,0,0,0,0,2.6,1.6,0,0,0,1.2,0,0,0.2,0,0,0,0,0,0,0,0,0,0,0,0,0,0,0,,,,,,,
1999-05,1.6,0,0,0,0,8.9,0.3,0,0.1,3.4,24,16.1,17,22.8,11.7,20.6,3.8,0,0,30.3,2,0.9,0,22.2,38.9,15.8,5.4,27.8,41.9,5.5,0,,,,,,
1999-06,0,0,0,6.8,11.1,1.8,21,9.3,9.4,2.4,16.9,21.8,7,12.4,4.6,1.2,0,0,0,0,0,0,0,0,0,0,0,0,2.1,0,,,,,,,
1999-07,0,3.2,40.2,65.2,39.7,31.1,65.5,4,0.1,2.1,0,0,0,0,0,2.2,4.3,39.4,0.7,1.6,5.8,0,0.1,0,47.9,3.3,0,0.9,0.5,6.4,0.4,,,,,,
1999-08,0.2,2.8,1.8,0,0.1,0.1,0,0,0,16.2,16.3,26.1,85.1,0,42.9,10.8,96.4,37.6,58.8,6.6,4.5,5.6,9.4,19.4,1.8,0,0.1,8.6,3.2,1.6,18.2,,,,,,
1999-09,0.1,0,0,5.2,0,0,0,1.9,0.3,0,0,0,0,0,0,0.2,24.4,0.3,0.1,3.4,0,4.4,0.8,0,0,0,0.1,0,30.4,1,,,,,,,
1999-10,6.8,10.9,0.1,1.2,8,33.4,31.1,1.8,0,6,14.6,0,32.1,1.4,15.4,0.8,0.3,5.1,0,0,0,0.2,0.1,61.1,0,0.8,0,0,0.1,0,0,,,,,,
1999-11,0,0,0,0,0,0,0,0.1,0,0,0,0,0.1,0,0.2,71.4,0,0,0.1,0.9,0.3,0,0,8.4,0,0,54.2,0.6,45,21.6,,,,,,,
1999-12,46.3,1,50.8,1.4,0,8.8,0,0,0,0,0,0,0,0,0,0,0,0,5.2,10.1,0,0,0,0,0,0,0,0,0,0,0,,,,,,
2000-01,0,0,0,0,0,0,1.2,7.2,0,29.8,38.5,24.6,0,0,0,0,10.4,0,0,0,0,0,0,0,0,0,0,0,0,0,0,,,,,,
2000-02,0,0,12.5,11.4,3.3,0,11.9,0,0,0,0,0,0,0,1.4,0,0,0,0,0,0,0,0,0,0,0,0,0,12.6,,,,,,,,
2000-03,0,0,0,0,0,0,0,0,0,0,0,0,0,0,0,0,0,0,0,0,0,0,1.2,2.2,0,0,0,0,0,0,0,,,,,,
2000-04,0,54.1,0,0,0,0.2,0,0,0,0,0,0,0,0,0,0,0,0,0,0,0,0,57.2,0,0,0,0,0,0,0,,,,,,,
2000-05,0,0,0,0,0,0,0.1,0,0,0,0,2.4,2.1,0,1.3,0,17.4,33.1,14,0.8,0,0,1.1,1.3,20.5,10.3,36.9,2.1,0.4,0,2.1,,,,,,
2000-06,7.8,0,4.1,2.3,24.7,12.5,30.5,22.2,37.2,21.4,0.9,10.7,8,0,0,0,0.3,2.5,6.3,0,5.3,11.8,0.6,0.9,29.3,1.2,0,2.4,13.5,13.6,,,,,,,
2000-07,26.7,1.9,0,6.3,0,2.3,0,0.1,0,0,2.4,11.5,12.1,3.6,0,0,0,0,0,0,0,0,0,0,0,62.2,0.5,12.3,4.2,0,5.4,,,,,,
2000-08,4.8,24.1,30.1,19.4,2.3,28.2,30.8,10.9,4.7,1.8,2.1,0,0,0,0,4.9,4.2,0.1,0,0,0,0,0.3,41.3,33.4,11.9,13,27.4,0,0,0,,,,,,
2000-09,0,0,0,0,0,0.4,0,0.6,0,0,7.2,0.6,0,0,12.8,4.6,10.8,19.2,47,47.1,15.9,0.1,15.8,7.6,78.7,24.9,4.4,0.2,2.4,0.1,,,,,,,
2000-10,20.6,67.4,49.6,1.4,15.1,0,0,1.8,0,0,0.3,7.2,0.4,0,0,0,0,1.1,0,0,0,10.2,6.6,0,0,0.1,0,0,0,0,0,,,,,,
2000-11,0,0,0,0,0,0,6.3,4,0,15.1,0.1,19.8,0,1.8,0,0,0,0,6.7,0,0.1,18.4,0,0,0,0.1,0,0,0,0,,,,,,,
2000-12,0,0,0,0,0.2,0.5,12.9,0,0,0,0,0,0,0,0,0,0.1,0,0,0.1,0,0,0,0,0,0,0,0,0,0,0,,,,,,
2001-01,0,0,0,0,0,0,0,0,0,0,0,0,0,0,0,0,0,0,0,0,0,0,0,10.6,85,2.7,0,0.3,0,0,61.2,,,,,,
2001-02,14.2,0,0,0,0,0,0,0,0,0,0,0,0,4.8,7,0.5,0,0,0,0,0,0,0,0,0,0,0,0,,,,,,,,,
2001-03,0,0,0,0,0,0,0,0,0,0,0,0,0,0,0,0,0,0,0,0,0,0,0,0,0,0,0,0,0,0,0,,,,,,
2001-04,0,0,0,0,0,0,5.6,0,7.8,3.1,25.6,0.2,2.3,1,2.6,0,0,3.6,4,2.3,9.8,0,0,0,0,6.6,2.1,54.8,13.2,20.6,,,,,,,
2001-05,17.2,4.1,0.8,0.2,0,0,0,0,0,0,0,0,89.4,0.4,0,0.1,10,0,0,9.8,0.2,0.3,0.7,0,6.7,7.6,2.5,2.7,52.4,0.5,2.6,,,,,,
2001-06,0.1,0.2,0,41,0,11.5,11.1,14,24.4,24.1,19.3,16.8,3.5,1.2,0,0,0,0,0,0,0,5.3,1.2,0,0.2,5,0.7,7.2,0.3,0,,,,,,,
2001-07,3.8,2.8,17.1,11.7,0,4.6,21.3,17.7,17.1,15.5,0,0,2.4,0,0.2,0,0,0,1.7,0,0,0,0,6.2,4.6,13.8,1,10.6,0,0,0,,,,,,
2001-08,0.1,4.6,7.7,11.4,0,0.1,0,1.4,5.2,0.9,1.4,6.3,2.3,18.6,0,0,0,0,2.3,0.6,0,0,1.5,0.3,32.5,0,0,12.9,0.6,2.8,11.7,,,,,,
2001-09,1.5,0.7,0,0,0,0,0.1,0,0,0,0,3.5,1.8,0,2.3,1.4,0,0.1,0.2,0,74.7,49.1,32.4,69.9,1.7,1.2,25.2,18.9,39.3,9.2,,,,,,,
2001-10,5.9,11.4,12.3,0.1,0.4,0,4.8,2.1,6.9,0,19.5,1.3,0.1,2,4.1,1.2,8.8,18.7,0,0,0.2,9.8,0,10.4,0,0,0,0.5,0,0.8,3.2,,,,,,
2001-11,0,0,0,0,0,3.2,0,0,0,0,0,0,0,0,0,0,1.8,0,0,2.1,0,0,0,0,52,0,0.2,0,10.8,0,,,,,,,
2001-12,0,2.1,1.2,14.1,0,20.3,0,0,0,0,0,0,0,0,0,0,0,5.3,0.1,0,0,0,19.6,0,0,46.7,0.1,0,1.1,0,0,,,,,,
2002-01,9.4,0,0,0,0,19.8,0,0,0,0,0,0,0,0,0,0,0,0,0,0,0,0,0,0,6.4,0,0,0,0,2.7,0.6,,,,,,
2002-02,1.6,0,0,0,11.2,6.7,8.9,4.8,0,0,0,0,0,0,0,0,0,0,0,0,0.1,0,0,0,0,0,0,0,,,,,,,,,
2002-03,2.4,7.3,0,0,0,0,0,2.3,0,0,0,0,0,0,0,0,0,0,0,0,0,0,0,0,0,0,0,0,0,0,0,,,,,,
2002-04,0,0,0,0,0,0,2,0,0,0,0,0,0,0,0,0.2,0.2,0,4.7,19.6,0.3,0,0.3,0,0,1.2,1.4,0,0,0.1,,,,,,,
2002-05,0,39.2,29.1,0.9,0.4,6.2,0,23.5,0,0,0,0,3.4,8.2,4.3,3,7.2,0.4,0.7,0.4,7,0,0.2,1.6,0,0,0,15.2,13.2,1.2,8.3,,,,,,
2002-06,10,4.8,2.3,0,3.8,1.4,10.8,0.1,5.6,10.7,27.1,61.9,1.4,1,0,0,0,0,0,0,0,1.6,24.7,0,0,0.2,0.1,0,0,0,,,,,,,
2002-07,0,0,0,0,0,1.3,0,0,0,0,0,0,0,0,0.2,0.1,1.1,6.1,33.3,0.9,0.6,0.1,0,0,0,0,0,0,0,0,87.9,,,,,,
2002-08,10.2,16.7,13.1,0.8,0,0,0,2.7,0,0,0,0,0.7,0,0,0.7,6.2,0,1.2,13.9,73.5,22.9,4.4,2.1,0,0.1,0,0,0,0.1,4.6,,,,,,
2002-09,0.4,0,0,0,0,0,0,0,0,0,6.3,2.3,0,0,0,0.1,0,0,0,0,1.1,0.2,18.8,51.7,2.8,0,1.2,0,0.2,0,,,,,,,
2002-10,2.8,0,0.5,4.8,21.3,0,0,50.8,24,0.7,0,0,0.6,43.6,0.6,4.8,0,0.6,3.3,29.3,14.5,2.7,0,0,0,0,0,6,5.1,15,48.4,,,,,,
2002-11,24.6,2,2.8,17.6,0,0,1.1,0.8,15.5,0.2,0,0,0,0,0,0,6.2,7.5,22,19.3,54.6,2,0,0.9,8.3,1.9,1.3,0,0,0,,,,,,,
2002-12,0,0,0,0,0,0,0,0,6.8,3.4,0.4,0,4.3,12.3,0,0.2,4.8,0.4,0,0,0,0,0,0,0,0,0,0,0,0,0,,,,,,
2003-01,0,0,0,0,0,3.8,0.8,0,0,0,0,0,0,0,0,0,0,0,0,0.6,0,8.8,0,0,0,0,0,0,0,0,0,,,,,,
2003-02,0,0,0,0,0,0,0,0,0,0,0,37.7,0,0,0,0,0,0,0,0,0,0,0,0,0.7,0,0,0,,,,,,,,,
2003-03,0,0,0,0,0,0,0,0,0,0,0,0,0,0,0,0,0,3.2,15.8,0,0,0,0,0,0,0,0,0,0,0,0,,,,,,
2003-04,0,0,3.5,25.4,5.9,0,0,0,0,0,8.7,0,0,0,0,0.7,0,0,0,1.4,33,31.6,0,3,0,0,0,30.9,23.4,24.5,,,,,,,
2003-05,0.1,4.1,0,0,0,0,1.8,1,0,0,0,0,0,1.6,9.4,20,1.3,0,0,0,1.3,12.8,0,0,0,0,0,0,29.9,4.6,0,,,,,,
2003-06,3,18.1,0,8.2,21,4.2,2.9,13.4,0.9,5.7,7.4,72.9,3.6,13.8,0.4,20.9,26.9,35,6.9,29.8,17,4.8,76.8,30.9,6.6,0,0,4.6,0,2.4,,,,,,,
2003-07,9.7,4.1,4.7,5.2,7.9,7.2,0,0,0,0.5,6.2,15.4,30.2,4.2,60,6.4,10.9,0.6,0,1.4,0,0,9.4,8.6,2.6,2.7,3.1,41,0,1.8,0.1,,,,,,
2003-08,0,1.1,9.7,2.3,8.4,0,0,0,0,0,1.3,1.1,0,0,0.1,0,0,0,0,0,0,0,1.2,1.6,0.1,1.2,0,0,0,1.3,1.3,,,,,,
2003-09,10.6,7.4,0.6,5.2,0,0.4,0,1,0,0,0,0,0,3.3,20.1,1.4,4.1,0,4.6,1,0,0.6,0,9.6,3.1,6.8,2.6,30.7,10.5,10.6,,,,,,,
2003-10,77,0,5.7,0.2,0,0,0,0,0,0,0,0,0.3,0.3,0,1.2,0.5,0,2.3,0,0,8.6,44.3,5.3,0,0,0,0,0,17.4,13.6,,,,,,
2003-11,20.6,6,3.1,62.3,2.7,3.9,9.8,3.8,37,0,0,0,0,5.8,22.1,66,9.8,6.9,9.4,0,0,0,5.6,0,0,0,7.4,0,24.1,4.2,,,,,,,
2003-12,1.2,0,0,0,0,0,0,0,0,0,0,0,0,0,0,0,0,0,0,0.6,0,0,0,0,0,0,0,0,0,0,0,,,,,,
2004-01,0,0,0,0,0,1.1,0.4,0,0,0,0,0,0,0,0,0,0,0,0,0,2.8,0,0,TR,0,0,0,0,TR,0,0,,,,,,
2004-02,0,0,TR,0,0,0,0,0,TR,26.7,0,0,23.8,24.6,0,0,0,0,0,0,TR,0,0,0,0,0,0,0,0,,,,,,,,
2004-03,0,0,TR,0,0,0,0,0,0,0,0,0,0,0,0,0,0,0,0,0,0,0,TR,TR,0,0,0,TR,TR,9.8,TR,,,,,,
2004-04,10.1,15.6,0,0,TR,0.9,8.4,13.2,0,0,0,7.1,TR,0,0,TR,28.9,0,TR,0,0,0,0,TR,0,0,0.8,0,0.1,0,,,,,,,
2004-05,23.1,79.9,50.4,21,0,0,25.1,23.1,8.7,TR,5.4,12.2,1.5,TR,0,0.9,5.6,0,34.9,8.4,16.8,0,0.8,0,1.2,0.1,TR,0,TR,14.7,1.7,,,,,,
2004-06,0.7,18.4,2.4,0.9,3.3,6.2,4.2,21.6,2.2,0,TR,TR,0.7,4.3,6.5,6.4,0.9,0,0,TR,0,TR,TR,TR,0,TR,0.3,1.6,10.3,22.1,,,,,,,
2004-07,37.9,1.2,12.8,27.3,12.2,14.7,4.2,8.5,TR,0.2,0,0,0.1,0,4,27.7,35.1,70.4,17.8,18.4,5.5,7.2,TR,0.7,4,35.8,3.7,31.6,27.7,0,TR,,,,,,
2004-08,0,0,TR,9.4,13.7,30.3,0,0,0,0,0,0,32.6,17.8,27.6,0,4.6,34.2,5.3,0.5,1.1,4.7,7.5,TR,8.6,9.8,1.8,1.8,TR,0,TR,,,,,,
2004-09,TR,TR,0,TR,1.9,TR,1.8,12.8,TR,1.3,16.6,0.7,4.6,5.6,1,10.4,26,7.1,12,0.4,1.2,14.8,10,10,62.6,16.2,23.4,4,0,0,,,,,,,
2004-10,0,12.4,8.4,15.5,1.4,74.5,13.2,0.9,TR,29.3,TR,0,0,0,0,0,TR,0,1.1,8.4,14.3,0.3,14.1,66,0,TR,55.7,10.7,29.8,111.7,15.8,,,,,,
2004-11,2.2,0,0,0,0.9,0,0,0,15.9,8.2,4.1,17,28,26.1,16.2,TR,17.4,0,0,0.9,0,15.4,0.2,40.2,10.7,0,0,0.4,TR,0,,,,,,,
2004-12,0,0,TR,0,TR,2.3,0,0,TR,1.3,0,0,0,0,TR,4.9,0,0,0,0,0,0,0,TR,5.1,0.1,0,10.1,10.7,0.3,0,,,,,,
2005-01,0.7,0,16.4,13.9,0,0.5,0,0,1,0.3,0,0,0,0,0,0,0.8,0,0,0.3,48.4,0,0,0,0,TR,1.1,2.7,0,0,0,,,,,,
2005-02,0,0,0,0,0,0,0,0,0,TR,0,0,0,0,0,0,0,0,0,0,0,11.8,0,0,0,0,0,0,,,,,,,,,
2005-03,0,0,0,0,0,TR,3.3,0,0,0,0,0,0,0,0,TR,0,0,0,0,0,0,0,0,0,0,0,0,0,0,0,,,,,,
2005-04,0,0,TR,TR,TR,TR,0,0,0,1.4,TR,0,0,0,0,0,0,0,TR,4,10.8,0,0,0,0,TR,0,0,0,0,,,,,,,
2005-05,0,0,0,0,0,0.2,0,0,0.6,0,0,0,0,0,0.7,0,17.9,0,0.9,TR,0.6,0,TR,17.5,0.3,TR,4.1,49.8,62.9,0.3,TR,,,,,,
2005-06,6.5,5.6,7.5,28.2,30.2,5.9,1.4,TR,TR,0.9,2,9.5,1,TR,15.7,11.9,11.8,11.2,0.2,1.7,0.9,0.9,0.4,0,0,0,3.2,0,0,0,,,,,,,
2005-07,23.6,0,0,TR,0,3.4,TR,0,1.7,48,16.7,41.4,20.6,52.1,38.1,2.1,TR,0.4,TR,0,TR,0,TR,4.3,TR,TR,0.2,TR,10.5,0.3,5.5,,,,,,
2005-08,6.8,0.8,0,0,0,TR,0,0,0,0,0,0,0.8,59.9,1.1,2,0.6,0,TR,TR,TR,0,0.8,0,2.8,TR,TR,21.1,5.7,TR,16.7,,,,,,
2005-09,3,2.9,14,13.1,0,4,10.6,1.6,37.1,43.2,18.8,2.9,TR,TR,0,0,0,0,0,16.3,11.8,TR,0,0.4,0,0,0,TR,0,0,,,,,,,
2005-10,0,0,0,TR,0,1.3,0,0,0.1,3.5,43.5,25.2,13.7,TR,0.2,2.4,2.6,8.1,19,48.6,13.4,18.2,21.7,TR,1,TR,0,5.9,0,0.3,0,,,,,,
2005-11,2.9,0,0,0,0,0,13,1.4,TR,0.2,2.1,5.2,1.3,14.3,2.3,0,0,1.9,0,0,0,0,7,1.6,TR,TR,0,8,5.3,TR,,,,,,,
2005-12,0,1.4,0,39.3,11.8,0.2,0,0,0,0,TR,21.3,3.2,1.1,7.8,0,0,0,0,0,0,0,0,0,0,TR,TR,0.7,9.4,TR,0,,,,,,
2006-01,0,0,0,0,0,1.4,TR,1.3,1.3,12.7,0,0,58.2,37.5,TR,0,0,0,0,0,0,0,0,0,TR,0.2,0,0,TR,0,0,,,,,,
2006-02,TR,0,0,0,0,0,0,0,0,0,0,0,0,0,0,0,0,0,0,0,0,0,0,0,17.4,0,0,0,,,,,,,,,
2006-03,0,0,1,2.1,0,0,0,TR,35.3,0,0,0,0,0,0,0,0,0,0.2,0.6,TR,0,0,0,0,9.7,0,0,0,0,0,,,,,,
2006-04,0,0,0,0,0,0,0,0,TR,TR,0,0,0,0,0,0,0,4.1,0,0,0,TR,0,0,TR,0,0,0,0,0,,,,,,,
2006-05,0,0,0,0,TR,TR,25.4,12.5,37.8,0,0,0,0.4,TR,0,0,TR,12.2,0,0.5,14.4,6.5,29.6,4.3,2.6,45.2,15.3,29.7,9.4,7.9,33.5,,,,,,
2006-06,0,TR,1.2,TR,0.6,10.8,0,TR,TR,0,0,0,0,0,0.4,26.5,0.8,14.5,42.7,57.8,6.9,38.3,19.1,0.7,TR,0.3,0,36.6,0,0.5,,,,,,,
2006-07,0,4.1,17.7,4.6,8.7,2.6,TR,0,5.1,0.5,4.4,14.6,5.4,1.2,4.9,TR,0,0,0,0,0,0,2.2,0,0,0,0,TR,1.4,0,0,,,,,,
2006-08,0,TR,0,0,0,0,0,TR,TR,TR,27.9,6.6,1.4,6.9,33.6,30.6,1.7,14.6,TR,0,0,2,52.9,0,0,0,0,0,0,0,13.6,,,,,,
2006-09,6.7,0.8,1.4,14.9,34.3,20.2,7.9,70.5,25.7,9.6,10.9,5.4,0,0,1.8,TR,TR,1.3,31.9,0.6,3.3,0,0,42.7,6.7,0,4.4,2.3,0,0,,,,,,,
2006-10,0,0,0,0.1,0,0,0,0,0,TR,0,0.3,69.8,10.7,0,0,1.7,0,1.2,TR,1,3.6,6,44.2,32.6,0.2,1.4,22.1,TR,4.1,TR,,,,,,
2006-11,1.4,0,19.2,22.9,5.4,19.8,18,12.1,0,30.8,TR,4.8,0,0,TR,6.6,2,1,0,7.9,0.6,TR,0.6,5.8,0,15.4,8.8,7,0,0,,,,,,,
2006-12,0,0,0,8,TR,0.5,0,0,0,0,0,21.1,7.4,0,0,0,8.1,1.1,0,TR,TR,0.4,0,11.4,0,0,1.6,0,0,0,0,,,,,,
2007-01,0,0,TR,0,0,0,0,0,TR,TR,1.9,TR,TR,0,0,0,0,0,0,0,0,0,0,0,0,0,0,TR,TR,0,0,,,,,,
2007-02,0,0,0,0,0,0,0,0,0,0,0,0,0,0,0,0,0,0,TR,TR,TR,0,0,0,0,0,0,0,,,,,,,,,
2007-03,TR,0,0,TR,0,0,0,0,0,0,0,TR,1.4,6.4,0,0,9.8,TR,0,0,0,0,0,0,0,0,0,0,0,0,6.3,,,,,,
2007-04,0,0,0,0,20.6,22.4,34.1,0,0,13.9,TR,0,0,0,0,8.3,0,0,0,0,0,0,0,0,0,1.8,0,0,0,0,,,,,,,
2007-05,0,24.9,1.4,40.4,TR,4.1,16.2,6.2,9.5,3.2,TR,0,0,0,0,1.4,4.9,TR,2.4,3.3,TR,0,1.2,0,0,3.9,49.7,35.3,16.4,10.1,13.1,,,,,,
2007-06,9.3,0.9,TR,2.3,TR,13.9,26.7,8.2,4.5,1.2,3,8.2,0.2,TR,46.2,34.8,8.9,11.4,6.3,63.1,74.5,5.2,18.9,TR,0.8,0,0,0,4.3,0.4,,,,,,,
2007-07,TR,5.2,0.5,0.7,0,TR,0.9,1.2,2.3,6.2,3.1,5.2,1.9,0,1.2,0.9,29.2,6,66.6,12.4,20.7,22.7,95.4,22.5,12.7,0.1,6.6,TR,0,0,0,,,,,,
2007-08,0,1.4,0,0,0,0,0.5,1.8,15.4,6.9,TR,TR,TR,0,0,0,16.1,TR,0,3.7,13.9,0,2.4,4.2,28.3,15.4,0,0,0.3,12.5,0.4,,,,,,
2007-09,34.6,21.8,25,35.4,TR,8.7,23.3,5.3,TR,1.4,0,18.6,0.3,TR,0,TR,TR,TR,1.4,0.7,8.9,40.2,23.9,0,TR,0,4.1,0,0,0,,,,,,,
2007-10,2.1,TR,TR,13.3,2.4,0.7,30.9,0,0,0,0,0,0,0,TR,2.4,0,TR,1.2,TR,3,13.5,22.4,26.5,23.7,8.5,2.7,7.8,8.1,10,8.4,,,,,,
2007-11,0,TR,0,0,0,0,1.1,TR,0.3,1.8,0,0,12,0,0,0,0,0,0,TR,1,34.8,6.4,0,0,0,0,0,TR,4.1,,,,,,,
2007-12,0.5,TR,40.5,1.2,0,0,0,TR,0,0,0,2,0,0,TR,0,0,1.2,0,13.4,101.6,3.4,8.1,0,0,0,0,0,0,0,0,,,,,,
2008-01,0,0,0,0,3.4,2.5,0,0,0,0.4,0,0,1.9,0,0,0,0,0,0,0,0,1.2,0,0,0,0,0,0,0,0,0,,,,,,
2008-02,0,0,0,0,TR,0,3.4,13.1,1.3,TR,27.4,11.3,TR,TR,TR,0,0,6.8,43.4,0,1.3,0,0,0,0,0,8.5,27.6,1.6,,,,,,,,
2008-03,1.7,10.8,TR,TR,TR,0,4.1,0,TR,1.6,0,0,0.5,55.2,5.8,8.5,4.7,10.9,46.3,17.4,1,0,0.8,0,0,0,0,0,0,0,0,,,,,,
2008-04,0,0,16.8,19,TR,12.1,0,TR,0,0,21.9,0,0,0,0,TR,0,TR,0,0,0,0,0,0,0,26.2,13.3,TR,TR,TR,,,,,,,
2008-05,0,18.8,5.7,21.1,TR,0,0,TR,0,0,TR,2.9,0,TR,0,0,0,TR,0.2,0,1,14.7,4.2,TR,0.2,146.9,0.6,0.2,9.2,3.3,10.6,,,,,,
2008-06,2,8.5,11,TR,0,0,0,5.7,0.6,TR,0.7,1.8,1,TR,0,TR,6.2,0,4.1,1.1,30,11.6,16.3,9.3,0,0,18.3,5.2,10.1,17.6,,,,,,,
2008-07,9.2,1.3,0,0,TR,9.9,0,0.8,1.2,2,3.3,0.8,9.1,136,100.3,9.1,14.9,6.7,2.4,6.1,26.5,21,2.4,0.8,2.1,3.3,TR,TR,0,0,19.9,,,,,,
2008-08,0,0,0,0,0,0,0,0.4,TR,0,4.3,38.1,21.5,3.2,2,0,TR,0,TR,7.4,TR,3.2,TR,3.7,0,3.8,2.1,16.3,16,22.1,8.1,,,,,,
2008-09,0,1.1,1.6,TR,1.3,1.1,TR,TR,TR,10.2,5.1,0.7,0,0,TR,0,0,0,0,0,0,4.8,0,TR,2.4,0,0,0,0.6,0,,,,,,,
2008-10,0,0,0,0,0,0,0,0,0,0,TR,11.2,5.3,21.5,18.6,TR,20.3,0.8,2.9,36.8,44.2,16.3,7.1,43.2,53.7,21,0,TR,TR,0,0,,,,,,
2008-11,0,0,0,0,0,0,0,26.1,0,0,0.5,0,TR,0,0,2.2,0,0.8,15.7,7.5,14.3,4.7,4.4,4.7,1.2,0,0,TR,0,0,,,,,,,
2008-12,0,1,TR,0,0,0,0,4.3,9.3,1.3,0,6.6,TR,2.2,10.5,0.6,0,23.7,78,4.9,0,0,0,0,0,0,0,0,0,0,0,,,,,,
2009-01,0,0,0,0,0,0,0,0.6,0,0,1.1,0,0,0,0,0,0.9,0,0,0,0,0,0,0,0,TR,0,TR,TR,0,0,,,,,,
2009-02,0,0,0,0,0,7.6,0,TR,0,0,0,0,0,0,0,0,0,0,0,TR,TR,0,TR,0,0,0,0,0,,,,,,,,,
2009-03,0,0,0,0,0,0,0,0,0,0,2.4,5.7,2.7,5.8,TR,0,0,0,0,0,0,0,0,0,6,0,0,5.7,0,0,3.2,,,,,,
2009-04,0,TR,0,0,2.7,1.2,4.8,0,9.7,24.4,TR,0,TR,TR,2.2,0,0,0,0,0,0,0,0,0,0,0,0,0,10.5,0,,,,,,,
2009-05,0,0,2.2,0,0,TR,TR,0,29.6,0,TR,0,0,0,1.2,0,0,1.6,4.2,0.5,6.3,8.6,22,44.9,4.6,18.7,1,TR,0,TR,0,,,,,,
2009-06,0.7,TR,1,1.9,0,TR,0.8,TR,TR,0.9,TR,1.2,1.9,TR,7.4,1.5,44.9,20.5,37.4,TR,8.1,3.3,5.3,TR,TR,4.9,TR,3.9,0.5,10.5,,,,,,,
2009-07,58.1,22.6,12.5,3.6,33,23.9,2.6,2.6,5.7,TR,0,TR,8.1,1.6,TR,7.5,20.1,6.1,TR,1.1,4.2,2.8,0.5,TR,TR,TR,0,0,0,2.1,TR,,,,,,
2009-08,0,TR,TR,TR,2.8,TR,7.7,TR,1.1,2.3,TR,4.4,21.5,21.4,6.3,17.8,26.7,20.4,19.7,14.5,27,0,0,1.2,1.6,12.9,24.2,1.3,0,TR,0,,,,,,
2009-09,TR,4.3,5.6,0,TR,3.3,17.8,5,12.1,TR,17.8,1.1,TR,1.1,0,TR,1.1,0,0,0,2.4,2.3,TR,0,0,TR,9.5,79.5,8.5,5.9,,,,,,,
2009-10,9.6,TR,TR,0,0,0,0,0,0,0,0,0,0,0,TR,0,0,0,0,0,0,0,0,0,0,0,0,0,3.1,32.9,38.3,,,,,,
2009-11,TR,0.9,TR,1.8,69.1,3.8,11.4,47.3,TR,0,0,0,0,0,0,0,0,0,0,0,10.9,33.6,11.9,0.4,0.9,42.4,0,0,0,0,,,,,Highest records in a year ,,
2009-12,0,TR,TR,0,0,TR,0,0,4.2,0,0,0,0,0,0,0,23.7,2.8,TR,TR,12.4,37.5,TR,73,9,0,7.8,0,1.1,115.4,TR,,,,,,
2010-01,0,0,0,0,0,0,0,0,0,TR,TR,0,0,0.5,0,0,0,0,0,0,0.5,7,0,0,0,0,0,0,TR,0,0,,,,111.4,2010,11-Jun
2010-02,4.8,TR,TR,0,0,0,0,0,0,0,TR,0,TR,0,0,0,0,0.5,0,0,0,0,1.6,0,0,0,0,TR,,,,,,,70.8,2011,29-May
2010-03,0,0,TR,0,0,0,0,0,0,0,0,TR,0,0,0,0,0,0,2.8,0,0,0,0,0,0,0,0,0,0,0,0,,,,144.6,2012,30-Oct
2010-04,0,0,0,0,5.2,6.9,5.3,1.4,0.8,14.1,0,0,0,0,0,35.6,TR,0,0,0,TR,TR,4.5,2,0,3.7,22.2,0,0,6,,,,,110.2,2013,19-Oct
2010-05,0,0,0,4.3,0,TR,0,0,31.1,TR,0.5,TR,0,16.9,TR,35.6,2.9,1.8,1.1,16.1,18.6,1.4,7.3,1.2,1.9,1,0,0.8,41.8,17.4,TR,,,,,,
2010-06,0,TR,9.7,0,2.3,2.5,35.1,22.4,12.6,49.1,111.4,42.2,1.1,0,0,0,1,0,0,0.7,TR,6.3,4,24.2,5.6,0.7,24.8,43.2,88.8,24,,,,,,,
2010-07,2.3,10.4,13.3,27.5,22.6,TR,38.3,7.9,0,TR,13.1,79.6,1.2,1,35.9,0.7,0.4,TR,1.5,0,0,26.3,33.7,TR,12.5,7.6,2.9,18.6,20.6,0.5,TR,,,,,,
2010-08,0,1.4,0,0.5,1.2,TR,3.6,9.8,1.4,TR,0,17.8,5.4,72.6,8.1,13.3,3.5,0,0,0,TR,TR,0,TR,30,16.9,11.2,2.8,1.9,3.9,0,,,,,,
2010-09,0,0,0,TR,TR,TR,26.1,0.8,28.3,TR,0.5,0,0,2.1,2.8,TR,30,8.9,42.6,6.8,31.7,1.2,7.7,1,10.5,8.3,12.6,8.2,4.3,0.5,,,,,,,
2010-10,25,19,4.2,TR,1.7,24.7,6.2,43.2,TR,0,0,0,0,0,0,0,0,0,0,0,0,0,0,9.9,0,0,0,0,TR,29.2,0,,,,,,
2010-11,0,0,0,3.4,42.1,0,0,TR,4.9,61.6,6.9,0,0,5.8,0,0,13.3,0.8,0,1.7,3.6,TR,0,TR,29.3,1,10.4,0,5.4,3.9,,,,,,,
2010-12,51.8,2.9,1.1,15.1,9.8,TR,0.5,TR,1.1,0.3,0.6,0,0,0,0,0,0,0,3.7,0,TR,0,0.5,6.6,0.5,0,0,0,3.7,15.2,48.5,,,,,,
2011-01,0,0,0,0,0,0,0.9,0,0,0,0,0,0,0,0,0,0.4,0,0,0,0,0,0,0,0,0,5,2.8,0,0,0,,,,,,
2011-02,0,0,0,0,0,0,0,0,0,0,0,0,0,0,0,0,0,0,0,0,0,0,3.9,2.3,3,0,0.5,0,,,,,,,,,
2011-03,0,0,0,0,1.3,0,0,0,0,0,0,0,0,0,0,0,0,0,0,0,0,0,0,0,0,0,0,0,0,0,0,,,,,,
2011-04,0,0,0,0,0,0,0,0,0,0,0,0,0,0,0,0,0,1,0,0,0,0,1.7,6.3,0,0,0,0,0,0,,,,,,,
2011-05,7.3,10.2,5.7,0,7.5,0,0,12.8,0,0,0,0,0,0,0,0,0,0,0,0,0,0,38.9,0,2.7,0,7.3,23.9,70.8,47.7,6.2,,,,,,
2011-06,22.2,1.6,4.2,7.8,8.4,0,0.5,0,0,0,16.1,13.5,0,1.6,0,5.4,0.5,0,0,0,0,0,0.5,1.9,0.5,7,0,0,0,1.5,,,,,,,
2011-07,0,0,0,58.1,36.4,30.7,3,0,0,2.6,39.6,3,0,2.1,8.8,38.3,5.6,0,0,0,0,0,17.4,6.4,34.4,13,4.6,0,0,0,0,,,,,,
2011-08,0,4.9,12.4,32.9,31.1,5,4.3,4.1,27.9,0,6.5,0,1,3.5,2,8.2,1.7,7.1,25.6,2.9,46.8,22.1,13.1,32.7,0,0,0,0,0,8.8,13,,,,,,
2011-09,16.9,0.8,10.7,7.2,2.5,0,0,0,13.2,4.9,10.3,32,2,1.4,0,0,0,0,60.3,1.6,0,0,0,0,1.2,0,0,0,0,0,,,,,,,
2011-10,0,0,0,0,0,0,0,0,0,0,0,0,0,0,0,0,0,17.7,0,0,0,5,0,2.2,12,64.8,0.5,0,9.9,22.2,0,,,,,,
2011-11,4.8,0,21.2,5.9,36.4,0,0,15.7,6.8,2.5,0,0,0.5,0,0,0,0,0,0,42.2,4.2,11.6,0,7.5,24.8,24.1,13,0,0,0,,,,,,,
2011-12,16.6,0,2.3,0,0,0,1.6,0,0,1.8,16.6,0.4,0,0,0,0,0,0,0,0,0,1.8,0,1.1,0,0,0,0,0,0,0,,,,,,
2012-01,30.2,0,0,0,0,1.7,0,7.1,1.1,0,0,0,5,0,0,0,0,0,0,3.6,0,0,0,0,0,0,0,0,0,2.7,5.4,,,,,,
2012-02,1.3,0.8,0.9,0,0,0,0,3.4,2.2,24.6,0,0,0,0,0,0,0,0,0,0,0,0,0,0,0,0,0,0,0,,,,,,,,
2012-03,0,0,0,0,0,0,0,0,0,0,0,7,6.5,0,0,0,0,0,0,0,0,0,0,0,0,0,0,0,0,0,0,,,,,,
2012-04,0,0,0,0,0,0,0,0,0,0,0,0,0,0,7.3,0,0,19,2.6,0,0,3.1,0,0,0,0,3.5,6.6,0,0,,,,,,,
2012-05,0,0,0,0,0,0,0,0,0,0,0,0,0,0,0,0,0,0,0,0,0,16,0,0,0,0.6,7.9,0,1.8,1.2,29.8,,,,,,
2012-06,0,0,13.4,6.2,3.2,15.4,7.7,0,0,0,6.4,0,21.3,15.4,0,5,0.9,0,9.9,0,0,0,8,0.4,2.5,0,8.6,21.1,10.5,6.1,,,,,,,
2012-07,44.3,1.6,3.6,3.2,0.5,0,0.7,15.6,26.6,3.3,7.1,0,0,0,0,0,0,0,0,0,2.4,0,0,0,0,0,0.7,1,0.8,0,0,,,,,,
2012-08,0,0,0,5.6,0,0,0,0,0.6,7,0,19.7,3.1,29.8,15.9,1.1,38.2,9.7,0,5.1,0.5,40.4,20.4,23.2,6.3,0,0,0,2.4,0,2.5,,,,,,
2012-09,26,12.7,5.3,0.8,3.6,7.6,0.3,6,4.4,0,0.8,0,0,0,0,4.9,0.9,10.5,7.9,0,0.5,0,0,0,0,0,0,0,0,0,,,,,,,
2012-10,0,0,0,0,0,0,0,6.8,0,0,0,7.2,0.9,0,16.2,0,3.4,1.7,40.8,0.3,0,38.4,0,0.4,7.3,19.4,65.3,12.3,114.8,144.6,20.5,,,,,,
2012-11,0,0,0.5,0,0,0,0,2.6,0,2.7,1.7,0,0,0,0,0,0,0,0,0,0,0,0,0,0,0,0,1.4,0,0,,,,,,,
2012-12,0,0,0,0,0,0,18.4,1.4,4.5,0,0,0,0,0,0,0,0,7.8,76.2,1.7,0,0,0.7,0,0,0,13.2,1,0,0.7,0,,,,,,
2013-01,0,0,0,0,0,TR,34.1,2.7,0,0,0,0,0,0,0,0,0,1.8,0,3.7,0,0,0,0,0,0,0,0,0,0,0,,,,,,
2013-02,0,0,0,0,TR,0,TR,0,0,0,0,TR ,27.3,2,1.4,TR,TR,0,0,0,TR,0.8,0,0,0,0,0,0,,,,,,,,,
2013-03,0,0,0,0,37.5,14.7,0,0,1.2,0,0,0,TR,TR,0,3.2,24.6,0,0,0,0,0,0,0,0,0,0,0,0,0,0,,,,,,
2013-04,0,0,0,0,0,0,0,0,0,0,0,0,0,0,1.1,0,0,0,0,0,0,0,0,0,1.8,0,0,0,0.6,0,,,,,,,
2013-05,4.6,28.2,0,1.1,9.8,11.1,3.3,TR,0,2.6,0,0,0.6,TR,9.6,72.7,15.5,41.2,2.6,1.9,TR,10.5,TR,29.3,0.5,31.3,4.1,1.3,0,12.4,28.8,,,,,,
2013-06,10,23.8,26.9,5.7,4.7,4.8,39.6,3.7,2.4,0,20.8,12.8,6.2,8.3,8.5,TR,1.7,TR,23.8,2.8,4.5,16.2,2.8,TR,4.3,16.3,0,TR,26,0,,,,,,,
2013-07,0,0,0,9.6,TR,4.5,14,3.1,37.6,5.4,6.1,2.8,0,0,0,0,4,0,TR,2.5,51.7,18.5,27.4,19.2,3.4,0.5,35.9,0.3,0,0,4,,,,,,
2013-08,5.3,0,47.5,102,36.9,5.5,0.3,0.6,0.3,0,0,TR,TR,TR,3.3,3.5,0,0,0,0,TR,0,9.3,4.8,1.9,11.2,59.9,9.9,0.4,9.1,9.4,,,,,,
2013-09,1.8,47.1,1.6,1,0,0,7.7,14.2,25.4,1.6,1.2,TR,1.6,TR,13.7,41.6,7.7,8.4,0.7,0,TR,TR,0,TR,TR,0.6,0,0,0,TR,,,,,,,
2013-10,0.3,0,0,0,0,0,0,TR,0,0,TR,0,1.1,0,0,2.6,0.6,0,110.2,0,TR,1.3,1.6,0,2.2,0,1.2,TR,TR,0,0,,,,,,
2013-11,0,0,37,48.2,15.7,2.1,3.4,6.2,0,0.4,33.7,0.9,1.3,0.8,0,0,0,TR,0,0.7,0,0,0,2.6,0.5,TR,3.6,2.8,0,0,,,,,,,
2013-12,0.9,3.1,0,0.3,1.6,4.9,0,0,0,0,0,TR,2.9,8,TR,0,0,0,0,0,65.2,23.5,0,TR,0,0,0,0,0,0,0,,,,,,
2014-01,NIL,NIL,NIL,NIL,1.3,NIL,NIL,NIL,0.2,NIL,NIL,NIL,NIL,NIL,NIL,NIL,NIL,TR,TR,NIL,NIL,NIL,TR,NIL,1.8,NIL,NIL,NIL,NIL,NIL,NIL,,,,,,
2014-02,TR,NIL,TR,NIL,NIL,NIL,NIL,NIL,NIL,NIL,NIL,NIL,NIL,NIL,NIL,NIL,NIL,NIL,TR,39.8,17.8,NIL,NIL,TR,NIL,NIL,NIL,NIL,,,,,,,,,
2014-03,NIL,NIL,1.1,0.8,NIL,1.1,TR,41.5,3.4,NIL,NIL,NIL,NIL,NIL,NIL,NIL,10,NIL,9.8,NIL,NIL,NIL,NIL,NIL,NIL,NIL,NIL,NIL,NIL,NIL,NIL,,,,,,
2014-04,NIL,NIL,NIL,NIL,NIL,16.8,TR,NIL,NIL,NIL,NIL,NIL,NIL,NIL,NIL,NIL,NIL,NIL,NIL,NIL,NIL,10.4,18.5,0.8,TR,NIL,NIL,NIL,6.4,1.4,,,,,,,
2014-05,TR,14.3,NIL,3.9,NIL,3.9,NIL,11.7,NIL,NIL,NIL,NIL,0.5,NIL,NIL,NIL,NIL,NIL,NIL,NIL,NIL,3.5,8.5,TR,9.9,1.4,TR,TR,NIL,TR,4.2,,,,,,
2014-06,TR,4.5,3,13,4.1,6.9,9.7,9.3,12.1,9.1,2,2,TR,NIL,NIL,1.2,TR,TR,TR,0.5,1,TR,0.5,NIL,NIL,TR,6.5,0.6,20.3,TR,,,,,,,
2014-07,NIL,NIL,17.6,23.7,TR,NIL,12.5,13.3,11.5,NIL,TR,NIL,8.4,0.8,TR,NIL,2.6,NIL,NIL,NIL,0.7,7.1,TR,NIL,2.3,2.2,8.8,TR,NIL,NIL,NIL,,,,,,
2014-08,0.4,21.4,20.4,2.9,NIL,NIL,2.7,NIL,2.4,18.3,13.2,6.6,5.3,TR,TR,NIL,5.5,24.6,38.5,69.5,78.6,28.2,3.9,NIL,NIL,NIL,NIL,TR,NIL,TR,10.9,,,,,,
2014-09,0.4,29.8,0.7,4.5,1,TR,5.9,10.5,TR,9.4,NIL,NIL,0.9,1.6,NIL,2.3,5.1,0.7,TR,NIL,NIL,NIL,NIL,TR,1.2,44.5,0.9,1.9,28.8,1.6,,,,,,,
2014-10,NIL,NIL,TR,NIL,NIL,NIL,TR,6,NIL,NIL,4.4,TR,NIL,NIL,TR,0.7,4.6,1.5,5.7,TR,4,11.1,3.9,10.5,NIL,NIL,NIL,NIL,TR,57.6,NIL,,,,,,
2014-11,4.6,0.9,NIL,NIL,NIL,0,NIL,NIL,NIL,NIL,NIL,NIL,NIL,0.5,3.7,1.8,35.7,13.5,0.5,TR,16.9,53.2,TR,TR,7.1,TR,TR,NIL,NIL,NIL,,,,,,,
2014-12,NIL,NIL,NIL,NIL,TR,NIL,NIL,NIL,NIL,2,6.9,7,2.1,38.5,TR,NIL,0.9,101.6,23.6,NIL,NIL,NIL,0.8,TR,TR,NIL,NIL,NIL,NIL,NIL,1.3,,,,,,
2015-01,NIL,NIL,NIL,NIL,NIL,TR,NIL,NIL,NIL,0.6,NIL,NIL,4.3,7.5,NIL,NIL,NIL,NIL,NIL,NIL,NIL,TR,NIL,NIL,NIL,NIL,NIL,NIL,NIL,2.5,NIL,,,,,,
2015-02,NIL,2.1,NIL,NIL,3.1,TR,TR,1.7,NIL,TR,NIL,NIL,NIL,NIL,NIL,NIL,NIL,NIL,NIL,NIL,NIL,NIL,NIL,NIL,2.9,TR,NIL,NIL,,,,,,,,,
2015-03,NIL,TR,NIL,NIL,1.9,NIL,NIL,6.9,NIL,NIL,TR,NIL,45.7,NIL,NIL,2.4,0.8,NIL,NIL,NIL,NIL,NIL,NIL,NIL,TR,NIL,NIL,NIL,NIL,NIL,NIL,,,,,,
2015-04,NIL,TR,NIL,NIL,NIL,NIL,10.7,TR,NIL,NIL,NIL,NIL,TR,NIL,0.4,NIL,TR,0.6,NIL,NIL,3,0.2,NIL,1,0.4,NIL,TR,NIL,NIL,NIL,,,,,,,
2015-05,TR,NIL,NIL,TR,5.1,52.2,32.3,12,10.5,41.4,34.8,31.1,4.8,TR,TR,0.7,16,21.9,0.4,0.4,1.9,39,11,TR,TR,13.6,NIL,0.7,1.1,TR,6.6,,,,,,
2015-06,NIL,12.1,TR,6.2,TR,TR,12.9,TR,NIL,NIL,19.1,4.4,10,2.6,TR,TR,NIL,TR,NIL,NIL,TR,3,TR,NIL,4.5,0.6,5.1,1,TR,TR,,,,,,,
2015-07,2.8,7.1,TR,2.2,TR,TR,TR,TR,14.4,27.7,44.5,5.4,0.4,NIL,NIL,43.2,3.4,28.7,6.6,NIL,15.4,0.7,8.7,0.5,TR,TR,NIL,NIL,NIL,NIL,NIL,,,,,,
2015-08,TR,NIL,TR,4.7,4,8.8,2.1,6,4.7,NIL,TR,1.6,1.2,3.2,2.7,14.1,34.6,12.3,TR,2.9,NIL,NIL,TR,TR,1.9,NIL,TR,18.5,TR,20.2,14.4,,,,,,
2015-09,5.4,2.6,10.1,TR,1,2.8,1.6,1.2,TR,6.4,5.3,0.4,5.5,0.6,5.6,5,7.4,19.2,29.4,1,5,6.1,9.9,2.8,45.9,19,1.4,4.8,4.6,TR,,,,,,,
2015-10,4.4,NIL,NIL,NIL,3.5,NIL,3.5,7.2,19.5,35.5,9.4,NIL,1.8,3.4,TR,NIL,TR,TR,1,1.8,4.6,8,0.3,6.8,56.1,6.6,TR,NIL,NIL,1.2,57.6,,,,,,
2015-11,0.6,NIL,TR,TR,TR,1.4,13.3,8.4,0.7,NIL,NIL,TR,TR,14,1.2,NIL,NIL,2.4,NIL,NIL,NIL,23.8,TR,10.4,51.6,NIL,NIL,3.4,NIL,TR,,,,,,,
2015-12,NIL,11.6,18.7,NIL,74.5,1.4,12.7,2.6,32.6,24.5,5.6,TR,NIL,TR,0.3,TR,NIL,NIL,TR,4.1,2.6,NIL,NIL,NIL,NIL,0.5,NIL,NIL,0.5,TR,TR,,,,,,
2016-01,NIL,NIL,NIL,NIL,NIL,NIL,NIL,TR,NIL,NIL,NIL,NIL,NIL,NIL,NIL,NIL,NIL,NIL,NIL,NIL,TR,NIL,NIL,NIL,NIL,NIL,TR,TR,NIL,NIL,NIL,,,,,,
2016-02,TR,NIL,NIL,NIL,NIL,NIL,NIL,NIL,NIL,NIL,NIL,NIL,NIL,NIL,3.2,NIL,TR,21.4,2.4,TR,NIL,NIL,NIL,NIL,NIL,NIL,NIL,21.3,TR,,,,,,,,
2016-03,NIL,NIL,NIL,NIL,NIL,NIL,NIL,NIL,NIL,NIL,NIL,NIL,NIL,TR,TR,NIL,NIL,NIL,NIL,NIL,NIL,NIL,NIL,NIL,NIL,NIL,NIL,NIL,NIL,TR,NIL,,,,,,
2016-04,NIL,NIL,NIL,NIL,NIL,2.8,NIL,NIL,NIL,TR,NIL,NIL,NIL,NIL,NIL,NIL,NIL,8,NIL,TR,1,3.8,NIL,NIL,NIL,NIL,TR,NIL,NIL,NIL,,,,,,,
2016-05,11.2,NIL,38.2,NIL,NIL,0.9,1.2,3,1,105.5,19.3,3.9,2.4,11.2,7.3,10.5,2.4,2.2,79.9,TR,TR,21,TR,26.5,6.2,3.7,19.9,10.9,TR,7.6,14.4,,,,,,
2016-06,11.5,34.6,9.3,9.1,8.1,3,14,6.5,6.9,68.4,1,TR,2,NIL,TR,TR,2.1,4.6,5.9,1.3,5.3,TR,TR,2.2,NIL,1.2,TR,2.9,TR,18,,,,,,,
2016-07,3,TR,15.8,NIL,TR,NIL,NIL,2.3,0.3,0,NIL,TR,NIL,58.3,34.1,46.6,7.2,7.3,NIL,NIL,NIL,NIL,TR,NIL,1.2,11,33.4,2,TR,0.4,TR,,,,,,
2016-08,NIL,NIL,4.6,NIL,NIL,TR,2.9,0.2,TR,TR,1.5,1.6,2.5,3,TR,TR,NIL,0.4,33.7,16.9,69.5,6.9,12.7,51.7,TR,28.4,6.4,15.6,0.4,41.3,30.2,,,,,,
2016-09,2.7,3.2,1.4,TR,TR,NIL,NIL,NIL,TR,1.6,TR,1.8,1.6,TR,TR,6.9,93.1,0.9,3.5,1.9,TR,TR,TR,TR,NIL,TR,1.3,TR,0.5,TR,,,,,,,
2016-10,2.4,NIL,NIL,NIL,NIL,0,0,NIL,TR,NIL,18,1.3,NIL,18.7,10.4,7.4,1.6,TR,NIL,NIL,NIL,NIL,NIL,1.5,4.6,NIL,NIL,TR,8.1,4,11,,,,,,
2016-11,26.4,NIL,NIL,NIL,TR,TR,NIL,NIL,NIL,2.2,16,TR,NIL,6.2,4.3,NIL,11.7,11.2,TR,3.8,25.6,33.5,56,0.3,6,33.8,NIL,NIL,NIL,NIL,,,,,,,
2016-12,NIL,2.8,NIL,NIL,TR,NIL,1.7,TR,NIL,0.7,TR,NIL,NIL,NIL,NIL,NIL,NIL,NIL,TR,8.7,TR,NIL,NIL,NIL,4.1,3.4,NIL,TR,2.4,NIL,NIL,,,,,,
2017-01,NIL,NIL,NIL,NIL,NIL,NIL,NIL,TR,NIL,NIL,NIL,NIL,NIL,TR,NIL,TR,TR,TR,NIL,NIL,16.5,71.8,TR,NIL,NIL,NIL,NIL,14.4,TR,NIL,NIL,,,,,,
2017-02,NIL,NIL,NIL,NIL,NIL,NIL,NIL,NIL,NIL,TR,NIL,NIL,NIL,NIL,7.4,NIL,NIL,NIL,NIL,NIL,NIL,NIL,NIL,NIL,NIL,NIL,4.8,5.8,,,,,,,,,
2017-03,0.8,4.8,8.9,76,NIL,NIL,NIL,NIL,NIL,65.6,NIL,NIL,NIL,32.9,7.2,NIL,NIL,NIL,NIL,NIL,NIL,NIL,NIL,NIL,NIL,NIL,NIL,NIL,NIL,NIL,NIL,,,,,,
2017-04,NIL,NIL,NIL,NIL,NIL,NIL,NIL,NIL,NIL,NIL,NIL,NIL,NIL,NIL,NIL,NIL,NIL,NIL,NIL,NIL,NIL,NIL,NIL,NIL,NIL,NIL,NIL,NIL,NIL,NIL,,,,,,,
2017-05,NIL,NIL,7.1,5.9,NIL,NIL,16.7,NIL,NIL,NIL,TR,NIL,1.9,1.8,NIL,1.9,19.9,5.1,117.5,8.9,40,3,2.8,NIL,2.1,17.1,14.4,8.5,10.8,45,189,,,,,,
2017-06,68.5,19.4,13,51.9,2.4,6.9,NIL,NIL,2,4.7,NIL,NIL,3.6,TR,NIL,NIL,1.6,0.4,TR,NIL,1.2,4.2,15.8,7.4,22.2,12.5,TR,NIL,NIL,8.4,,,,,,,
2017-07,1.9,1.9,TR,NIL,NIL,7.2,1.8,35.1,4.6,0.5,TR,NIL,TR,NIL,NIL,NIL,NIL,4.6,NIL,14.5,4.2,TR,1.3,NIL,NIL,1.7,4.8,68.3,NIL,TR,TR,,,,,,
2017-08,TR,NIL,1.1,TR,NIL,1.4,TR,NIL,3.4,95.9,0.7,NIL,NIL,NIL,TR,4.2,25.1,32.2,3.6,2.5,13.9,2.5,2.3,TR,NIL,0.5,4.3,15.1,21,9.7,3,,,,,,
2017-09,NIL,12.6,NIL,NIL,30.1,52.3,14.5,16.9,11.1,4.9,13,4.3,65.2,0.3,1.8,4.9,NIL,NIL,NIL,0.3,TR,NIL,NIL,TR,NIL,NIL,TR,NIL,2.7,TR,,,,,,,
2017-10,NIL,0.6,TR,TR,1.6,4,0.9,5,TR,2.8,15.5,6.2,4.3,TR,TR,0.5,2.9,2,5.5,23.6,13.7,NIL,NIL,NIL,NIL,NIL,NIL,NIL,36.9,NIL,NIL,,,,,,
2017-11,5.4,TR,NIL,NIL,NIL,NIL,0.9,NIL,NIL,NIL,NIL,NIL,NIL,11.5,NIL,NIL,NIL,NIL,NIL,NIL,0.2,TR,NIL,NIL,NIL,2.9,3.7,NIL,16.5,24.3,,,,,,,
2017-12,TR,17.7,TR,TR,NIL,NIL,NIL,NIL,NIL,TR,NIL,NIL,NIL,33.2,7,NIL,NIL,NIL,NIL,NIL,TR,NIL,NIL,NIL,NIL,NIL,NIL,NIL,NIL,NIL,TR,,,,,,
2018-01,NIL,NIL,NIL,NIL,NIL,NIL,NIL,TR,NIL,NIL,0.4,4.1,TR,NIL,NIL,NIL,NIL,NIL,NIL,TR,NIL,NIL,NIL,0.5,NIL,NIL,3,NIL,NIL,NIL,NIL,,,,,,
2018-02,NIL,NIL,NIL,NIL,NIL,NIL,TR,NIL,NIL,NIL,NIL,NIL,NIL,TR,TR,NIL,NIL,NIL,NIL,NIL,NIL,NIL,NIL,NIL,NIL,NIL,NIL,TR,,,,,,,,,
2018-03,NIL,NIL,16.1,NIL,NIL,NIL,NIL,NIL,NIL,NIL,NIL,7.5,8.3,4.5,TR,NIL,NIL,2,TR,NIL,NIL,NIL,NIL,NIL,NIL,TR,2,NIL,NIL,NIL,TR,,,,,,
2018-04,NIL,NIL,NIL,NIL,NIL,NIL,TR,NIL,NIL,NIL,0.6,NIL,NIL,NIL,0.7,TR,NIL,1,TR,TR,NIL,NIL,NIL,NIL,NIL,NIL,NIL,2.8,NIL,NIL,,,,,,,
2018-05,NIL,TR,TR,TR,10.4,NIL,TR,0.4,4,TR,11.1,22.7,1,0.4,1.2,11.9,NIL,NIL,TR,9.7,17.6,TR,54.2,8.3,13.8,6.8,9,13,1.5,2.1,3.3,,,,,,
2018-06,4.9,2.4,8.7,30.7,0.6,8.7,3.7,4.8,3,1.4,TR,4.1,5,16.5,16.7,9.5,61.3,NIL,NIL,1.7,2.4,0.6,0.2,9.8,5.8,8.7,1.7,1.8,TR,4.3,,,,,,,
2018-07,3.5,NIL,NIL,18.5,26.9,13.2,4,1.2,4.7,24.5,1.7,NIL,NIL,35.4,1,26.3,TR,NIL,NIL,NIL,TR,10.2,1.1,17.7,3.3,0.8,TR,NIL,TR,TR,TR,,,,,,
2018-08,NIL,NIL,NIL,NIL,NIL,NIL,4,NIL,NIL,NIL,1.6,TR,3,9.7,16,67.5,22.1,0.2,NIL,TR,NIL,TR,NIL,NIL,NIL,6.5,0.7,TR,NIL,TR,NIL,,,,,,
2018-09,TR,NIL,NIL,TR,TR,NIL,TR,0.7,TR,NIL,NIL,NIL,NIL,NIL,NIL,NIL,TR,NIL,2,12.5,TR,50.2,5.5,13.4,TR,0.7,2.7,0.3,18.7,2.7,,,,,,,
2018-10,4.6,13.1,12.9,14.7,TR,2.4,25.5,3.4,7.7,TR,NIL,TR,2.6,NIL,NIL,NIL,1.1,NIL,NIL,NIL,1.5,1.6,8.2,TR,TR,21.8,NIL,6.2,48,0.4,NIL,,,,,,
2018-11,NIL,NIL,NIL,34.5,6.2,NIL,TR,30.8,3.6,1.3,NIL,NIL,NIL,NIL,NIL,NIL,2.8,NIL,NIL,NIL,NIL,NIL,5.7,TR,0.8,TR,NIL,12.9,14.7,NIL,,,,,,,
2018-12,TR,NIL,NIL,NIL,6.8,TR,23,NIL,NIL,NIL,2.4,TR,NIL,NIL,NIL,NIL,NIL,NIL,NIL,NIL,TR,NIL,2.8,12.4,13.7,TR,NIL,NIL,NIL,8.9,NIL,,,,,,
2019-01,NIL,NIL,NIL,NIL,NIL,NIL,NIL,NIL,NIL,NIL,NIL,NIL,NIL,NIL,NIL,NIL,NIL,NIL,NIL,NIL,NIL,NIL,NIL,NIL,NIL,NIL,NIL,NIL,NIL,NIL,NIL,,,,,,
2019-02,NIL,NIL,NIL,NIL,TR,TR,NIL,NIL,55.1,NIL,NIL,NIL,NIL,NIL,NIL,NIL,NIL,NIL,NIL,NIL,NIL,NIL,NIL,NIL,0,NIL,NIL,NIL,,,,,,,,,
2019-03,NIL,NIL,2.6,NIL,NIL,NIL,NIL,NIL,NIL,NIL,NIL,NIL,NIL,NIL,NIL,NIL,5.2,NIL,NIL,NIL,NIL,NIL,NIL,NIL,NIL,NIL,NIL,NIL,NIL,NIL,NIL,,,,,,
2019-04,NIL,NIL,NIL,NIL,NIL,NIL,NIL,NIL,16.9,NIL,NIL,NIL,NIL,NIL,NIL,NIL,TR,29.5,TR,30.7,NIL,NIL,NIL,NIL,NIL,NIL,NIL,NIL,36.4,9.1,,,,,,,
2019-05,2.7,2.2,NIL,NIL,NIL,NIL,NIL,NIL,NIL,NIL,NIL,NIL,NIL,NIL,NIL,TR,NIL,NIL,NIL,NIL,5.4,NIL,TR,NIL,NIL,NIL,NIL,0.4,11.9,2.2,1.5,,,,,,
2019-06,NIL,NIL,22,45.5,1,0.8,10.5,57.1,18.7,6.7,5.3,15.7,2.8,10.7,NIL,6.8,TR,NIL,3,7.4,0.5,1.3,9.8,NIL,NIL,NIL,NIL,NIL,NIL,NIL,,,,,,,
2019-07,NIL,0.6,NIL,NIL,NIL,TR,TR,50.9,27.6,TR,NIL,NIL,NIL,86.7,25.2,12.8,26.2,27.5,3.9,3.7,1.2,11.1,1.3,1.8,1.3,NIL,NIL,NIL,NIL,NIL,TR,,,,,,
2019-08,NIL,NIL,NIL,1,12.9,NIL,5.6,1.2,45.5,1,10.5,14,1.2,TR,2.5,1,NIL,TR,TR,NIL,TR,12.9,0.2,4.4,13.2,2.3,10.6,34.3,80.5,NIL,TR,,,,,,
2019-09,TR,NIL,NIL,NIL,NIL,1.6,1.6,TR,2.3,NIL,0.6,NIL,0.5,1.4,NIL,NIL,0.4,9.5,0.4,NIL,27.7,19.8,49.7,32.2,7.1,19.6,NIL,NIL,TR,33.6,,,,,,,
2019-10,NIL,NIL,5.3,4.3,0.2,6.2,25.5,8.4,4.4,0.9,NIL,63.1,TR,NIL,13.6,34,14.6,11.6,TR,63.5,7.2,NIL,23,0.8,8.8,TR,0.6,0.5,35.3,6,20.6,,,,,,
2019-11,18.6,NIL,NIL,NIL,6,6.7,TR,0.7,NIL,NIL,0.2,NIL,6.4,9,22.4,7.3,NIL,2.1,TR,TR,6,18.2,TR,35.8,36.4,13.7,3.1,7.3,TR,52.2,,,,,,,
2019-12,40,NIL,TR,10.3,11.9,5.6,TR,NIL,NIL,NIL,3.8,TR,NIL,3.4,15.8,NIL,TR,NIL,21.6,TR,TR,60.1,2.5,NIL,6.6,NIL,NIL,NIL,1.9,NIL,TR,,,,,,
2020-01,0.6,TR,TR,16,1.2,TR,NIL,NIL,NIL,TR,NIL,NIL,NIL,NIL,NIL,1.1,NIL,NIL,1.7,0.3,NIL,0.9,NIL,NIL,NIL,TR,NIL,NIL,NIL,NIL,NIL,,,,,,
2020-02,NIL,NIL,TR,NIL,NIL,NIL,4.9,TR,NIL,TR,NIL,NIL,0,NIL,NIL,TR,NIL,NIL,NIL,NIL,NIL,TR,NIL,NIL,NIL,NIL,NIL,NIL,NIL,,,,,,,,
2020-03,NIL,NIL,NIL,NIL,NIL,NIL,NIL,NIL,NIL,NIL,NIL,NIL,1,32.7,2,NIL,TR,TR,NIL,NIL,NIL,NIL,NIL,NIL,NIL,NIL,TR,NIL,NIL,NIL,NIL,,,,,,
2020-04,NIL,NIL,NIL,0.5,TR,NIL,3.8,NIL,NIL,NIL,NIL,NIL,NIL,NIL,NIL,NIL,NIL,7.3,NIL,NIL,13,38.3,21.4,2.5,NIL,39.8,2.1,8.6,1.4,NIL,,,,,,,
2020-05,NIL,NIL,NIL,TR,5.3,NIL,44.5,NIL,4,4.8,1.8,NIL,NIL,3.1,0.5,TR,5.8,11.8,3,40.6,12,TR,NIL,NIL,2.4,0.4,6.4,84,158.6,30,TR,,,,,,
2020-06,5.5,8.4,2.3,1.5,8.1,9.7,20.4,NIL,TR,NIL,TR,0.4,1.9,6.7,NIL,3.7,1.9,0.5,NIL,14.5,32.5,NIL,NIL,0.4,18.4,41.5,14.4,0.7,3.1,20.8,,,,,,,
2020-07,6.2,0.9,1.9,NIL,NIL,6.9,NIL,NIL,NIL,30.6,4,11,4.8,4.3,6.2,27.6,16.9,30.6,75.2,0.7,24.6,7.3,53.5,35.9,TR,NIL,NIL,21.6,8.4,27.3,19.7,,,,,,
2020-08,9.4,2.1,TR,0.9,6.2,15.4,53.2,109.9,30.1,1,NIL,NIL,NIL,NIL,2.4,TR,NIL,NIL,NIL,TR,TR,NIL,2.1,NIL,NIL,NIL,0.5,NIL,NIL,NIL,TR,,,,,,
2020-09,28,48.8,46.8,1.1,7.4,NIL,3.7,7.6,TR,0.9,NIL,TR,TR,4.6,18.6,3.2,17.5,33.3,TR,2,30.3,37.9,3.3,NIL,NIL,TR,NIL,NIL,NIL,NIL,,,,,,,
2020-10,NIL,TR,NIL,1,NIL,NIL,NIL,TR,1.4,TR,1.1,NIL,TR,6.5,3.7,TR,0.5,NIL,2.1,TR,NIL,TR,0.3,8.3,0.6,NIL,NIL,NIL,NIL,0.9,NIL,,,,,,
2020-11,NIL,NIL,NIL,NIL,NIL,9.3,33.2,12.1,NIL,NIL,NIL,NIL,7.7,3.7,29.5,16.7,44.8,35.9,3.2,NIL,NIL,NIL,NIL,NIL,NIL,NIL,NIL,NIL,TR,16.3,,,,,,,
2020-12,NIL,NIL,NIL,NIL,4.2,10.1,TR,4.9,TR,18.1,4.1,2,1.1,NIL,NIL,8.3,TR,TR,TR,NIL,5.7,6,NIL,TR,NIL,NIL,NIL,NIL,NIL,NIL,25.9,,,,,,
